Post ID,Title,Score,Number of Comments,Text,URL,Created,Subreddit
1hm2erb,How is the Oppo Find X8 Pro?,15,41,"Considering buying this phone or the OP13, but heavily favouring buying this because I had an oppo phone earlier and had literally no complaints with my R17 pro. Only battery got worse at the end of 3 years and got some amoled burn ins which is acceptable but I heavily regret going to Samsung after that. My r17 pro is still alive to this day almost 6 years later that's crazy.

I got my S22 plus after the r17 pro and I was disappointed to say the least within the year. Battery was horrible, phone randomly turned off and had to be hard resetted on two occasions, had a green line issue which I had to pay 50 dollars to fix through Samsung, and the screen still gave issues after that.

 Considering upgrading In January and the oppo find x8 pro caught my eye. Not as many reviews on it like the s24 ultra and i phone etc but for the number of reviews available they were all positive (however mostly sponsored). Originally was looking away because of the SOC but after i researched and got educated i realised mediatek isn't that bad and probably more efficient. 

Going back to oppo and color os is exciting but I will miss some One Ui features like Bixby routines (auto turn on Spotify music when I connect headphones etc), and the screen was indeed beautiful on the s22 plus and the ultrasonic fingerprint reader works like a charm but thats honestly where the positives end. 

I do plan to use this phone within north America for studies. So if there was any real advice  from people who bought this phone (bad and good) ill really appreciate it. Maybe we can have a discussion in the comments.
",https://www.reddit.com/r/Oppo/comments/1hm2erb/how_is_the_oppo_find_x8_pro/,1735139559.0,Oppo
1hy3b14,Why is the OnePlus 13 cheaper than Oppo Find X8 pro? Which is better at what compared to each other? ,22,58,"Historically, I used to think oneplus devices are better than Oppo. Now I'm not so sure because of the pricing. I'm still using the OnePlus 7pro and looking for an upgrade with S25 ultra on the horizon as well. 

I'm just curious about how OnePlus and Oppo are priced currently for their flagship models. 

",https://www.reddit.com/r/oneplus/comments/1hy3b14/why_is_the_oneplus_13_cheaper_than_oppo_find_x8/,1736512039.0,oneplus
1h0znsf,"OP13, Oppo Find X8 pro or wait for S25 Ultra?",4,37,"Looking to buy a new phone, switching from iPhone to Android. There‚Äôre so many flagships and new phones coming out but not sure which one to get? I just want a long lasting battery phone for daily use with great features and obviously something that would last me a very long time and not like 1 year and it shuts down. Not a gamer. Which phone would you recommend to get in 2025? The price isn‚Äôt an issue but I would like to get the best deal possible. 

Any recommendations are appreciated.

",https://www.reddit.com/r/AndroidQuestions/comments/1h0znsf/op13_oppo_find_x8_pro_or_wait_for_s25_ultra/,1732695796.0,AndroidQuestions
1hwyo47,Any good reason to chose Oppo Find X8 Pro instead of OnePlus 13?,16,52,"Ok so, OnePlus 13 has the Snapdragon Elite but Oppo has a 6x camera and more battery life: any good reason to chose one instead of the other? How's the ir blaster? Can i teach the phone other unsupported remotes? Any special quirk and feature that make one better than the other? ",https://www.reddit.com/r/Oppo/comments/1hwyo47/any_good_reason_to_chose_oppo_find_x8_pro_instead/,1736379636.0,Oppo
1h86sn9,Oppo find X8 pro is here ,74,99,"""NOT A SINGLE WORD FOR THE WALLPAPER ü§£""

Finally that's my shopping for the day, Got myself Huawei watch gt5, which is so awesome, feels you are wearing classic manly analog watch.
About Phone.
In Love with phone.
Awesome battery backup 
Love the haptics, typing is fun for non text person like me.
Coming from funtouch OS (been using it since last 6 years ) it feels so awesome, finally got rid of that ancient funtouch OS.
Recieved 1.18gb software update which has many things fixed including improving camera.
Njoying the device üéâüéâ
",https://www.reddit.com/gallery/1h86sn9,1733506390.0,Oppo
1gwa914,Oppo Find X8 Pro review,166,69,,https://www.gsmarena.com/oppo_find_x8_pro-review-2766.php,1732171878.0,Android
1i55mvz,Thoughts about the Oppo find X8 Pro vs the OnePlus 13? I'm thinking about getting one of the two ,9,48,"I might get a bit biased responses since it's the OPPO subreddit of course. Anyway I'm thinking about upgrading my S21 Ultra to either the OP 13 or Oppo find X8 Pro. I was thinking about the S24 Ultra at first but it seems these 2 phones are really good for the money. 

I'm not a gamer, at least not on phones. My main things I'm looking for is camera performance, UI and just a whole package. The Oppo seems to offer a better camera and the chipset and battery are performing identical to the OnePlus. It's got an extra button as well.

I've had the OnePlus One, 5T, 7 Pro and 9 Pro and decided to leave OnePlus after the 9 Pro. The 13 seems like a very solid buy

I can get the OPPO for ‚Ç¨700 and OnePlus for around ‚Ç¨850, so I'm leaning towards the OPPO. 

Do you have any experiences to either phone, and pros and cons to both? Really curious about the real world use

What do you think?",https://www.reddit.com/r/Oppo/comments/1i55mvz/thoughts_about_the_oppo_find_x8_pro_vs_the/,1737312346.0,Oppo
1gprxvr,Meet the new OPPO Find X8 Pro.,94,38,"After two generations of absence, the Find X Series is finally back.

This is the Pearl White unit, and I think it looks beautiful. It definitely looks much better in person than what the renders suggested. Can't wait to share more about this phone! üòâ

CTO: Alvin on X/Twitter.",https://www.reddit.com/gallery/1gprxvr,1731436843.0,Oppo
1ic5n0r,Oppo Find X8 Pro or Honor Magic 7 Pro?,6,34,"

Hi everyone,

I'm planning to buy either the Oppo Find X8 Pro or the Honor Magic 7 Pro, likely from Wonda Mobile. I live in the EU, the Honor here comes with a smaller battery. I‚Äôd love to hear from people who have used either of these devices to help me make the right choice since I plan to keep the phone for at least 2 years.

For context, I‚Äôve already watched and read plenty of reviews about both smartphones, but I‚Äôm still on the fence. I should also mention that I previously owned the Honor Magic 6 Pro, and while it seemed promising, I didn‚Äôt like it that much. It didn‚Äôt feel like a flagship in many aspects, and I sold it after a few months.

Here are the specific things I‚Äôd like to know more about:

1. Cameras and Video: I feel like the Find X8 Pro has better cameras, more stable and true-to-life video performance, and more options in the camera app. Is this correct, or am I overestimating Oppo's advantage here?


2. Display and Eye Comfort: Is the Honor display really that much easier on the eyes compared to Oppo, or is it just a gimmick? I have sensitive eyes, and many smartphones, including iPhones, tend to bother me. They cause dryness, dizziness, and slight headaches. My current Vivo X100 Ultra is better in this regard, but I still have some issues occasionally.


3. Speakers: How do the speakers compare on both devices? I‚Äôve read that the Magic 7 Pro has good speakers, but I‚Äôd love to hear real-world opinions.


4. Haptics: Haptics are very important to me. Which phone has stronger vibrations and better integration with the software for everyday use? I read that the Magic 7 Pro has improved haptics compared to the 6 Pro (which I found awful in that regard).


5. Heat Management and Battery: Battery life is a priority. Many tests show that the Find X8 Pro is more power-efficient, thanks to the Dimensity chip, and stays cooler under load. Reviewers also mention that the Magic 7 Pro with the Snapdragon 8 Gen 3 isn‚Äôt as efficient. What‚Äôs your experience?


6. Software: I‚Äôm familiar with MagicOS, as I‚Äôve used Huawei phones before. While I managed to tweak the Magic 6 Pro to get notifications working better, I still had issues with some apps and occasional problems syncing with my Huawei Watch GT4. Is MagicOS 9 better in this regard? Does ColorOS on the Find X8 Pro handle notifications and background apps more reliably? Is ColorOS overall more stable and polished?


7. Build Quality and Durability: Honor advertises the Magic 7 Pro with its Nano Crystal Shield for added durability. Is it really that much more durable compared to the Find X8 Pro? I‚Äôll use a tempered glass protector and case regardless, but this is still an important factor for me.


8. Biometrics: I like the Magic 7 Pro‚Äôs face ID and ultrasonic fingerprint scanner. How does Oppo compare here? Is the optical fingerprint scanner fast and reliable, and how‚Äôs the 2D face unlock performance?



To be honest, I‚Äôm leaning slightly toward the Oppo Find X8 Pro for reasons like the cameras, likely better battery life, and haptics. However, I‚Äôve never used an Oppo phone before and don‚Äôt know what to expect from ColorOS. On the other hand, the things I like most about the Magic 7 Pro are the biometrics, speakers, and potentially the display, but I‚Äôm unsure if those three things are worth it in the long run.

Any honest opinions or experiences would be greatly appreciated! Thanks in advance.

",https://www.reddit.com/r/Honor/comments/1ic5n0r/oppo_find_x8_pro_or_honor_magic_7_pro/,1738082112.0,Honor
1guqega,Oppo find X8 Pro or Vivo x200 pro or Iphone 16 pro max  ?,8,51,Requirement is camera and good os. Basically I am an android fan.I am from India,https://www.reddit.com/r/PickAnAndroidForMe/comments/1guqega/oppo_find_x8_pro_or_vivo_x200_pro_or_iphone_16/,1731995529.0,PickAnAndroidForMe
1hala6r,Case for Oppo Find X8 Pro,6,42,"Do you think Spigen or Ringke, or even Dbrand, will produce cover/case for this phone? I bought a transparent case from Amazon, but it's something really basic and I think it will become yellowish soonüòÖ",https://www.reddit.com/r/Oppo/comments/1hala6r/case_for_oppo_find_x8_pro/,1733780586.0,Oppo
1gv8guy,Oppo Find x8 Pro (16/512) to cost 1199‚Ç¨ in Europe,12,44,,https://www.gizmochina.com/2024/11/19/oppo-find-x8-european-price-leaks/,1732051632.0,Oppo
1if1coz,"Honor Magic 7 Pro it's not the best performer in battery life, even an Oppo Find X8 Pro with the sht MTK Dimensity 9400 performs better..",0,29,"https://preview.redd.it/byf1xb2mehge1.png?width=2453&format=png&auto=webp&s=38e62933c56e60d9696bdcb23561662f7c1647f9

",https://www.reddit.com/r/Honor/comments/1if1coz/honor_magic_7_pro_its_not_the_best_performer_in/,1738395659.0,Honor
1hwnsix,Insane zoom capabilities of the OPPO Find X8 Pro...,44,26,,https://www.youtube.com/watch?v=n4-HIxbKW9A,1736352761.0,Android
1id03qa,Oppo Find x8 pro Battery,5,27,"Hey folks, is my oppo find x8 pro battery weird or what? What do you think? It's been 3 weeks already and I'm not impressed really",https://www.reddit.com/gallery/1id03qa,1738173704.0,Oppo
1h6ib71,OPPO Find X8 Pro vs Vivo X200 Pro Camera Comparison,34,30,,https://www.youtube.com/watch?v=AysRVJRR6wY,1733325091.0,Android
1heow1s,OPPO find x8 pro - pretty solid battery life,23,30,The battery life has exceeded my expectations by a huge margin.,https://i.redd.it/zpp6ur40bz6e1.jpeg,1734253821.0,Oppo
1h4bdrw,Oppo Find X8 Pro Pre-order gifts,8,35,"I am from India, Earlier I ordered from Flipkart (e-commerce website in India) and I was getting only 10k Discount and 2 year manufacturer's warranty.
Thanks to a fellow redditer as he suggested me that I can get much more of I order from Oppo E-store, so I cancelled order from Flipkart and spoke with oppo e-store customer care and they provided me gift coupons and I got these gifts.
So wanted to suggest all who are purchasing in India to pre order it from Oppo E-store instead of Flipkart.
Also I would like to know my fellow redditers around the world are u guys also getting these gift in ur country?",https://i.redd.it/jcxbbsnmha4e1.png,1733081682.0,Oppo
1idwt5l,Oppo find x8 pro or Pixel 9 pro?,4,23,"After five an a half years, I need a new phone. I selected these two options because I can get them more or less at the same price at a discount. Also:

- I'm not a heavy user, maybe 2'5h average of screen per day.

- I love photography (photo, video, edit...). 

- I'm not a gamer. But I can use it for debugging. 

- I take care of things and I try to keep phones for at least 5-6 years. Durability it's important. 

- I also value good audio quality (speakers, mic and headphones). 

I searched a lot about these phones, but I would like to know the opinion of people who ideally has tested both (or at least one of them). 

Please, help me decide arguing your answer.",https://www.reddit.com/r/Oppo/comments/1idwt5l/oppo_find_x8_pro_or_pixel_9_pro/,1738269344.0,Oppo
1gxwwmc,Oppo Find x8 Pro,29,32,"Can anyone please confirm which of these 2 options do they think would be better for the eyes? Thanks
",https://www.reddit.com/gallery/1gxwwmc,1732358491.0,PWM_Sensitive
1h2wng8,Xperia 1VI to Oppo Find X8 Pro,11,33,"O2 in the UK let me upgrade every three months, so I switched to the Oppo Find X8 Pro a couple of days ago, at least till the 1VII arrives, to see if the Chinese really are doing it better. Obvs, it's a mixed bag, but these are my first thoughts. Sorry they're so long. You win a bun if you get to the end.

**Oppo Cons:**

* **The audio is comparatively horsesh\*t.** Streaming LDAC maxxed in dev settings through UAPP is the same, pretty much, but the speakers are appalling - the strongest firing sideways and the weakest firing upward, so split stereo sounds horrendously unbalanced. And they're loud, but thin - shrill, compared to the Sony. Their Dolby equivalent - called 'oreality' or something - is just not as smooth or wide through a dongle compared to the Sony's jack output. And no matter how I tweak the volume, sometimes it's either too loud or too quiet, whereas the Sony was always just right. Guess I've been spoilt.
* **Build quality.** The Sony's ridged sides and dimpled back give it a grip the Oppo doesn't have, and the Xperia feels more solid and superbly engineered and balanced. Plus, with the style case it would sit flattish on a table, whereas the Oppo wobbles a bit more on it's camera bump and feels comparatively cheaper, though it still feels thin due its tapered sides. With that slimness, though, comes a fragile feel the Sony doesn't have, even though the Xperia's lighter. 
* **No SD card and a screen notch.** I've missed the SD card, even after two days. Having those 250 films on tap when you're in a dead zone is a boon, and they're there forever, a classic collection that's impervious to fickle streamer programming. Like having a DVD library in your pocket. And the notch is annoying on the Oppo, though flipping the phone upside down so it's on the right has put it a bit out of sight out of mind.
* **The full rez camera mode is pointless.** There's literally no point in having it. On the Sony, it's a total change of processing that gives really great, natural detail, compared to the jpegs. Yes, the HDR can be all over the place, but at least it does something. The Oppo macro also can't get anywhere near as close, though it at least has autofocus. 

**Oppo Pros:**

* **The screen is better.** it feels easier on the eye and, in Pro mode, looks quite accurate. And it seems to play nicer with streamers. Content on Prime and Netflix really shines in a way it never seemed to on the Xperia.
* **Color OS works well.** It's smooth and responsive with it's fluid animations, and the ability to change the theme (inc icon packs) on the fly via the theme store is refreshing, plus some of the AI photo editing stuff works - the reflection removal tool in particular. And it got an update on day one that improved the camera and added features. 
* **Performance is better.** Snappy as hell - particularly app switching - but then it has got more RAM (and twice the storage) and a next gen SooC. Gaming-wise, Asphalt also looks nicer and plays smoother, though it gets warmer. 
* **Battery is on par, if not better, but charging will smash it.** SOT seems great at the moment - around 8+hrs of heavy use - though it's very early days for the Oppo. I've bought a 50w wireless charger though, arriving tomorrow, and that should offer a juicing speed the Sony can't match wired.
* **Cameras.** I'll try to keep this short. The Oppo feels more consistent and natural, and details look more genuine if you zoom in, across all lenses (if a little too contrasty and 'flatter' at times). HDR is also better - less blown highlights all round, and less noise in all conditions. And, if you don't like the processing, in 'Master' mode you can tailor the jpegs yourself, adjusting sharpening, contrast, and saturation - and you can even add a variable vignette - as well as all the usual manual controls. But the main advantage is the zoom, beating Sony at anything over 2x, with the AI between 10x and 30x being surprisingly usable. Overall, better quality across a wider range, though I miss the quirky, DSLR feel of the Xperia's Bokeh mode and the occasional OMG factor of the 48mpx. 

And that's it. TL;DR - Sony's core features help it stand alone but the Oppo feels more like a next gen handset. 

I'm sorry, I'm out of buns, so this probably wasn't worth it. 

AMA if you're interested, but I hope the 1VII arrives rocking some fantastic sensors. I really do love Sony's swiss army knife approach and If they can make up some of the current shortfalls then I'd be tempted back in a heartbeat, because the Xperia still remains unique - oddball at times, but capable of genius.",https://www.reddit.com/r/SonyXperia/comments/1h2wng8/xperia_1vi_to_oppo_find_x8_pro/,1732916564.0,SonyXperia
1igu6ek,Is the Oppo Find X8 Pro good for concert photography?,3,21,"Does it have good zoom capabilities like the S Ultra phones of Samsung? Also, is the battery long-lasting? I currently have the S21 Ultra but I was so pissed during the last two concerts I attended because my phone would always overheat, therefore cutting the audio towards the end and eventually stopping the capturing of the video.

Hope someone could answer this! Thank you :)",https://www.reddit.com/r/Oppo/comments/1igu6ek/is_the_oppo_find_x8_pro_good_for_concert/,1738602814.0,Oppo
1h3m45h,Oppo Find X8 Pro Global coverage in the U.S,2,34,"Wondering if anyone has any luck with coverage with the X8, if so what carrier? ",https://www.reddit.com/r/Oppo/comments/1h3m45h/oppo_find_x8_pro_global_coverage_in_the_us/,1733000041.0,Oppo
1i9pgpz,Oneplus13 or oppo find x8 pro,5,22,"Hello everybody I‚Äôm looking for an new phone, coming from a iPhone 14pro max and before that always a android device. 
I‚Äôm not into the s25ultra looking between a xiaomi 15 ultra oppa find x8 pro or oneplus13 can you guys help me out",https://www.reddit.com/r/Oppo/comments/1i9pgpz/oneplus13_or_oppo_find_x8_pro/,1737819323.0,Oppo
1h11tbz,Vivo X200 Pro or Oppo Find X8 Pro - Global,15,32,"So torn between Vivo x200 Pro and Oppo find x8 pro. I am looking for global models so the CN roms are not of interest for me.

Camera wise Vivo wins as per all i can see on youtube. I owned the X100 pro and really loved it for the camera. But as a phone it was pretty medicore. Functouch OS is so blant, haptics are pretty much not there or very weak, AOD notification limitation puts me off, Widgets padding it pretty bad, and no good functouch OS widgets for weather, calendar etc. (the inbuilt weather widget is horondous personally).

In comes Oppo with a very sleak looking Color OS. Pretty much as everything from a OS perspective i want. Great haptics that is system wide, good widgets, and lots of AI mambo jambo. The camera on the other hand is slightly inferior to Vivo.

Anybody who has used both shed some light. I am aware the vivo global model is still not out in many countries but i see some Malaysian users here. I am also aware i am posting this in Vivo which means a lot of vivo fans would say Oppo is trash.

But objectively, be real and discuss your thoughts. I live In Norway so i have to import either of these from Wonda. and there is 250 EUR price difference between both as well.",https://www.reddit.com/r/Vivo/comments/1h11tbz/vivo_x200_pro_or_oppo_find_x8_pro_global/,1732705401.0,Vivo
1i7kb0z,Galaxy S25 Ultra vs Oppo Find X8 Pro: Camera and AI Feature Comparison?,4,20,"With a few months of usage now, can anyone share their thoughts on the Oppo Find X8 Pro, particularly its camera and AI features?  
  
With the Galaxy S25 Ultra about to launch, do you think it will surpass the X8 Pro overall? How do the cameras on both phones compare?  
  
Would love insights on the AI features as well.   
Galaxy seems to be focusing on providing a lot of AI features, not sure how does that compare with Oppo

",https://www.reddit.com/r/Oppo/comments/1i7kb0z/galaxy_s25_ultra_vs_oppo_find_x8_pro_camera_and/,1737575832.0,Oppo
1hd5urv,Vivo X200 Pro V/s OPPO Find X8 Pro,4,27,"\- üì∏ Impressive Camera Systems: Both phones excel in photography, but Vivo offers better low-light performance.

\- ‚öñÔ∏è Build Quality: Vivo feels premium with a chunky camera module, while OPPO is slimmer and lighter.

\- üí° Display: Both feature similar AMOLED displays, but Vivo's is slightly brighter with better HDR tuning.

\- üîã Battery Life: Vivo provides outstanding battery life, outperforming OPPO in usage tests.

\- ‚ö° Charging Speed: Vivo charges faster at 90W, while OPPO supports quicker wireless charging.

\- üéÆ Performance: Both run cool under gaming loads, but Vivo‚Äôs conservative tuning enhances battery life.

\- üì± Software Experience: OPPO's ColorOS offers smoother and more refined UI compared to Vivo's Funtouch OS.

**Key Insights**

üì∏ \*\*Camera Capabilities\*\*: Vivo X200 Pro's camera excels in detail and low-light performance, making it a strong choice for photography enthusiasts. However, OPPO's color accuracy in daylight shots is commendable, making both suitable for different users.

‚öñÔ∏è \*\*Ergonomics & Design\*\*: Vivo‚Äôs design feels premium but is heavier, while OPPO's lighter design enhances usability. This can influence user preference based on comfort.

üí° \*\*Display Quality\*\*: Both displays offer vibrant colors, but Vivo's HDR performance and brightness give it an edge for media consumption.

üîã \*\*Battery Efficiency\*\*: Vivo's superior battery life is a significant advantage, particularly for heavy users who prioritize longevity over charging speed.

‚ö° \*\*Charging Technology\*\*: With a faster charging solution, Vivo becomes more convenient for users who are often on the go, while OPPO's wireless charging offers flexibility.

üéÆ \*\*Performance Stability\*\*: Vivo's performance tuning ensures better stability under heavy loads, making it suitable for gamers who want consistent performance.

üì± \*\*Software Updates\*\*: OPPO promises longer software support, which could be a deciding factor for users concerned about longevity and future-proofing their investment.

  
",https://www.reddit.com/r/Oppo/comments/1hd5urv/vivo_x200_pro_vs_oppo_find_x8_pro/,1734069567.0,Oppo
1he0oaa,Vivo X200 Pro vs Oppo Find X8 Pro Camera Comparison: Which is Better? (Moon Shot),1,26,"
I came across a YouTube video comparing a moon shot taken with the Vivo X200 Pro and the Oppo Find X8 Pro (pic attached). The difference in quality is striking, though it‚Äôs possible the YouTuber didn‚Äôt use the optimal settings on the Oppo Find X8 Pro.  
  
From what I‚Äôve read, Vivo generally has better cameras. Can anyone with experience using Vivo or Oppo comment on this moon shot? Is the Vivo camera significantly better than Oppo‚Äôs?    

 May be someone with Oppo could try taking a good moon shot and post it. That would be great.  

I‚Äôm waiting for the Ultra versions of both phones to be released but unsure if they‚Äôll launch globally. If I can‚Äôt decide between them, I might go for the OnePlus 13 to save some money and pair it with an external telephoto lens to make up for the extra zoom these phones offer.

",https://i.redd.it/99h6y877qs6e1.jpeg,1734174184.0,Oppo
1gq5vx7,Oppo find x8 pro or IQOO 13 or Realme GT 7 pro ,6,30,I am from India and having S24 Ultra but suffering a little from PWM. Also need a good camera phone. Please suggest from the list. Which one will be the best in terms of eye protection and as well as camera?,https://www.reddit.com/r/PWM_Sensitive/comments/1gq5vx7/oppo_find_x8_pro_or_iqoo_13_or_realme_gt_7_pro/,1731476016.0,PWM_Sensitive
1if36qz,Oppo find x8 pro battery after update,0,16,"Hello, 

I notice huge battery drain after latest update in January. Anyone noticed that too? Any solution other than factory reset? I also tried to delete cache partition like I would do on my Samsung but oppo doesn't have such option. Any suggestions? ",https://www.reddit.com/r/Oppo/comments/1if36qz/oppo_find_x8_pro_battery_after_update/,1738404011.0,Oppo
1ih3ri7,Anyone have battery drain problems whit Oppo Find X8 Pro?,3,15,"I did some posting weeks ago, maybe one month have passed. The situation is pretty orrific after all this time, one update after still shitty.
Example: yesterday charged fully, today it drained so bad that I charged it mid the day to 80%. Now I'm at 30% whit 2h36 of screen time.
In order of usage
Spotify
Instagram
Facebook
Youtube 
I have some games installed but I don't play on my phone, I only keep them if I have no alternatives during waiting times.
If I use the super VOOC charger, the battery drain so stupidly it hurts my nervous system. Whit 33w it's a little bit better, but I'm talking of a very bit of improvement. I'm seriously thinking about taking the device to assistance, but I don't have an other device to use during the assistance period. I'm asking the same thing I asked a month ago, because maybe new users have buyed the device and have encountered the same issue as mine. Thank you all!
(I have not resetted the device after the update, but I did the reset two weeks after first powering up)",https://www.reddit.com/r/Oppo/comments/1ih3ri7/anyone_have_battery_drain_problems_whit_oppo_find/,1738626183.0,Oppo
1gzcjpi,Oppo Find X8 Pro Australia,5,27,"I recently bought an Oppo Find X8 Pro from JB HiFi and found it did not come with the clear protective case I've seen in unboxing videos.

I contacted support, but I couldn't confirm an answer through their broken English as to whether the Australian retail version comes with a case or not.

Has anyone else bought this phone able to confirm if theirs came with the case or not?",https://www.reddit.com/r/Oppo/comments/1gzcjpi/oppo_find_x8_pro_australia/,1732516011.0,Oppo
1i3kjei,Oppo Find X8 Pro Italy update,15,16,,https://i.redd.it/l6m8eycf1lde1.jpeg,1737132041.0,Oppo
1ianyrz,Oppo find x8 pro charging very slowly.,2,16,"I'm having an issue with my Oppo find x8 pro that I purchased about two months ago. Since I've owned it, it seems on occasions to charge extremely slowly even when at very low battery. 

This is despite using an official SuperVOOC charger and cable, as well as purchasing a replacement one as I felt the original may be defective. 

Everytime I charge I receive the usual superVOOC enabled graphic and percentage rapidly going up for a brief second. This remains, indicating it seems to believe it is rapid charging.

I even used a wattage meter to test, and after initially reaching a charging speed of around 50w it quickly goes back down to about 5 - 8 watts charging speed. I understand that the charging speed can and does fluctuate but this seems to not match up with the charging speeds advertised. ",https://www.reddit.com/r/Oppo/comments/1ianyrz/oppo_find_x8_pro_charging_very_slowly/,1737920139.0,Oppo
1h41f61,Oppo find x8 Pro CN to Global rom,2,26,"I have bought the Chinese version, as I couldn't wait. I was in China when the device was launching, now that it has launched globally, can we change CN rom to Global rom? I think it's possible.",https://www.reddit.com/r/Oppo/comments/1h41f61/oppo_find_x8_pro_cn_to_global_rom/,1733052870.0,Oppo
1gy7xqa,Where to buy Oppo Find x8 pro in Europe?,8,26,"My country is not listed on Oppo site. WondaMobile and averagedadofficial.com dont issue VAT invoices (which I need). TradingShengzen, Aliexpress only have CN versions. 

Abyone knows any proper store which ships around Europe which sells Oppo Find X8 pro?

Never encountered product which is so hard to find where to buy. Seems Oppo is not super interested in establishing themselves in EU.",https://www.reddit.com/r/Oppo/comments/1gy7xqa/where_to_buy_oppo_find_x8_pro_in_europe/,1732390827.0,Oppo
1gy0jkr,OPPO Find X8 Pro Vs OnePlus 13 Vs Vivo X200 Pro Camera Comparison,35,22,,https://www.youtube.com/watch?v=l69WBULB6K0&feature=youtu.be,1732371296.0,Android
1hvsynn,Vivo X200 Pro vs Oppo Find X8 Pro - Which Phone To Buy? Shocking Results ü§Ø,0,19,Do subscribe the channel üòÑ,https://youtu.be/pZM0c3Qj2g4?si=71KVgcE4S8EkReWg,1736261137.0,Oppo
1if0pv4,New oppo find x8 pro chip,0,14,"Hi, I am looking to get a new Oppo find x8 pro phone..someone told me since Oppo started to not use Snapdragon chip, it is not as stable as before. Is this true? Maybe I should get a find x6 pro? 

Thanks",https://www.reddit.com/r/Oppo/comments/1if0pv4/new_oppo_find_x8_pro_chip/,1738392950.0,Oppo
1i4ycat,My Oppo Find x8 pro (India) battery life seems worse after updating.,9,14,"Is anyone else getting less battery life after the update? My phone used to last over 13 hours, now it's down to 10 or 11.

I thought it would back to normal after few days of usage, but no changes after 1 week.

Version: CPH2659_15.0.0.501 (EX01V30P01)",https://i.redd.it/37m7z6q5cyde1.jpeg,1737293040.0,Oppo
1h8wx4o,Oppo Find X8 pro Battery Life is Crazy,25,19,"Well using my phone in balanced mode but rest all setting are maxed..
1. Max Resolution 
2. Vivid Color on
3. Max refresh rate on
4. Image sharpener 
5. Enhanced animations
6. Device is connected to my Huawei GT5 
7. Played MLBB in ulrta setting 
This time OPPO nailed it....
So far totally in love with the phone ",https://i.redd.it/01j21dqekg5e1.png,1733591107.0,Oppo
1i884fy,Cases for the Oppo Find X8 Pro,2,14,"Hello, I want to share the cases you have for that phone, or if you have seen some online.
If you can pass links better (Aliexpress, Amazon)
",https://www.reddit.com/r/Oppo/comments/1i884fy/cases_for_the_oppo_find_x8_pro/,1737651763.0,Oppo
1i56zyi,Oppo find x8 pro CN usage in Europe ,1,14,"Hey there,

I am considering buying an Oppo find X8 pro from China but I am not sure if it is possible to use Banking apps and Google Pay/wallet in Europe.

I haven't found a definitive answer to the questions; some threads say it *should* work, or might be a ""hit or miss"" kind of situation.

Can someone in EU, owning the device with Chinese rom confirm if these are working fine?

Global device sure is the safest option but costs about 300e more than the Chinese version.

Thanks !",https://www.reddit.com/r/Oppo/comments/1i56zyi/oppo_find_x8_pro_cn_usage_in_europe/,1737315698.0,Oppo
1iirunj,My personal experience switching from Pixel 9 Pro XL to Oppo Find X8 Pro,10,10,"Finally, i found find x8 pro in white which has the extended warranty in my country. The switch was overwhelmed. 

The performance is way better, so does the battery life and charging speed ( about 20-30% difference)

Coloros is not difficult to get used to. It is quite customizable. The stock launcher is awesome, but i really missed the ability to use the Niagara launcher smoothly as the Pixel ( which is my favorite launcher )

When it comes to photography, each device has its own advantages. Find x8 pro has better sensor and zoom, pixel 9 pro xl has better algorithm

For the ergonomics... Pixel 9 pro xl takes the win. The power-volume button and fingerprint placement is way smarter than find x8 pro. With the find x8 pro I need to get used to it a little compared to the pixel.

Would I recommend someone that uses pixel switch to Oppo Find X8 Pro ? 
Yes, if you are struggling with the battery life not lasting you all day, need better and faster performance, charging speed,willing to give up pixel benefits to try something new. ",https://i.redd.it/hddlqdv8ifhe1.jpeg,1738808449.0,Oppo
1idwj57,Your recommendation: Pixel 9 pro or Oppo find x8 pro ?,3,11,"After five an a half years, I need a new phone. I selected these two options because I can get them more or less at the same price at a discount. Also:

- I'm not a heavy user, maybe 2'5h average of screen per day.

- I love photography (photo, video, edit...). 

- I'm not a gamer. But I can use it for debugging. 

- I take care of things and I try to keep phones for at least 5-6 years. Durability it's important. 

- I also value good audio quality (speakers, mic and headphones). 

- Eye health it's also important. 

I searched a lot about these phones, but I would like to know the opinion of people who ideally has tested both (or at least one of them). 

Please, help me decide arguing your answer. Thank you.",https://www.reddit.com/r/Smartphones/comments/1idwj57/your_recommendation_pixel_9_pro_or_oppo_find_x8/,1738268634.0,Smartphones
1hjac5a,Oppo Find X8 Pro vs. Samsung Galaxy S25 Ultra: Realistic Photos or Overprocessed?,8,17,"I recently tested the Oppo Find X8 Pro at a showroom and took some photos and portraits. While the pictures were stunning, they felt overly processed‚Äîfaces appeared too white and bright, and the colors seemed unnaturally vibrant. I wonder if everyone will like that.  
  
The results were impressive but lacked a natural look. Does anyone know if there‚Äôs a way to disable the auto AI enhancements to capture more realistic photos?    
    
I‚Äôm considering waiting for the Samsung Galaxy S25 Ultra to compare its performance.    
Any thoughts or recommendations on how the Oppo Find X8 Pro will stack up against the S25 Ultra?

",https://www.reddit.com/r/Oppo/comments/1hjac5a/oppo_find_x8_pro_vs_samsung_galaxy_s25_ultra/,1734789430.0,Oppo
1h5s7ty,Oppo Find X8 Pro Global today or wait until Jan for the OnePlus 13 for same price (in Canada),9,18,"Hey guys. I have a friend in Hong Kong who can source me a Find X8 Pro Global for face value around 1300 CAD shipped to my door by early next week. I'm torn as I've been waiting for the OnePlus 13, but it looks like it won't begin shipping until at least after Jan 14th 2025, 6+ weeks away. 

On paper, both of these phones are very close, with subtle edges being traded between them. I'd imagine the NA version of the OP13 will end up around 800 USD (1100ish CAD) and with taxes in my province, it'll be almost identically priced to the Find X8 Pro I could get. I'm not really sure if there's enough the OP13 offers to wait the additional 2 months, for what will be the same price, but I'm curious what y'all think.

**Oneplus 13:**

**Pros:**

+ 90mah larger battery
+ better screen resolution
+ Ultrasonic fingerprint sensor
+ slightly faster charging but it doesn't matter in NA as we're limited to 80W
+ Snapdragon Elite vs MediaTek 9400 (this is debatable as a pro, as both are close and power consumption could be argued back and forth)

**Cons:**

- One less Telephoto lens
- Worse camera processing than the Oppo
- One less year of software and security updates
- No dedicated camera touch-button like the Find X8 Pro
- Slower updates than the ColorOS Oppo
- Uglier than the Find X8 Pro (imo)
- Lens Flair on camera seen in some YouTube comparisons

So pound for pound for the same price, should I be waiting around for the OnePlus or hop on the Oppo?",https://www.reddit.com/r/Oppo/comments/1h5s7ty/oppo_find_x8_pro_global_today_or_wait_until_jan/,1733245372.0,Oppo
1ichjrp,Oppo Reno 13 pro or Oppo Find X8 Pro?,1,10,"Hi guys,
I'm looking to replace my current phone. My usage is mostly video consumption with occasional photo taking when on day trips.

I'm considering the X8 pro as it seems to have a silicon battery and better chipset and also a slightly bigger battery. Is it worth an extra $200 bucks over the Reno 13 pro?",https://www.reddit.com/r/Oppo/comments/1ichjrp/oppo_reno_13_pro_or_oppo_find_x8_pro/,1738112030.0,Oppo
1hbinok,Oppo Find X8 Pro Power Delivery,4,17,"I found out that X8 series support Power Delivery charging of 55W and PPS (which are widely available) and in gsmarena but no other info outside this, even in the official website. Is this true that they support these? I have the pro and when using PD65W and PD25W, it reads both as supervooc. I don't understand how oppo phones read power delivery as supervooc (but not with realtime percentage increase display like the 80W SV)",https://i.redd.it/fwkehgpkm46e1.jpeg,1733882399.0,Oppo
1g568eo,"Oppo Find X8 Pro is the first ever phone that can definitively max out the most demanding games at 60 FPS, I think we're ready for 2025 (source: Geekerwan)",4,26,,https://www.reddit.com/gallery/1g568eo,1729102829.0,AndroidGaming
1hp4uyz,Honor Magic 7 Pro Vs Oppo Find X8 Pro,2,14,"Quick question about these 2 phones. 

I've been torn between the Magic 7 Pro and the Find X8 Pro. 

The Oppo seems like an unbelievable phone however the MediaTek Dimensity chip has thrown me off as the SD Elite seems to be the better chip, not only in terms of the performance but also SD as a brand has been about for a lot longer and thus has been giving me doubts about the Oppo. 

The Hasselblad camera system also seems to be considerably better than the Magic.

I am from the UK and getting a contract is a lot easier for the Honor than the Oppo and this would be my main method in terms of paying off the phone. 

Any help/advice is more than welcome. ",https://www.reddit.com/r/PickAnAndroidForMe/comments/1hp4uyz/honor_magic_7_pro_vs_oppo_find_x8_pro/,1735503751.0,PickAnAndroidForMe
1h91eix,"The Dani Tribe (OPPO Find X8 Pro, 23mm/73mm/135mm)",137,3,"All photos made in the Master Mode in raw, and post processed in Lightroom. Lighting was a 60w cob light, a single reflector which we used both as a diffuser and flag depending on the light. ",https://www.reddit.com/gallery/1h91eix,1733603186.0,portraits
1i11v2h,Oppo find x8 pro Display,3,11,I have read conflicting information about the display glass used in the Oppo find x8 pro. Does the smartphone have Gorilla Glass 7i (mid-range) or Gorilla Glass Victus?,https://www.reddit.com/r/Oppo/comments/1i11v2h/oppo_find_x8_pro_display/,1736844634.0,Oppo
1he5ruz,Oppo Find x8 Pro Audio sucks!,6,15,"I just upgraded from Find x2 Pro to Find x8 Pro and my mind is blown by how terrible the audio sounds when I'm playing some video and music, it sounds like cheap speaker, Find X2 Pro sounds so nice why is that even it's an upgraded phone?

Is it something related to software or Setting or it's just this bad? Who feels the same with me?",https://www.reddit.com/r/Oppo/comments/1he5ruz/oppo_find_x8_pro_audio_sucks/,1734191631.0,Oppo
1i3h80t,Why OP13 has not the same camera quality of Oppo Find x8 Pro?,4,10,"Hi folks,


As the title says, they basically share the same hardware except fot the 6x. Nonetheless, the Oppo Find x8 Pro is a proper cameraphone, with good RAW files and so on, while OP13 makes good pictures with Photo mode (still a bit over processed compare to Oppo) and pretty noisy RAWs.



What's your thoughts about this? Is it a clear choice from Oppo itself? Like selling their flagships as cameraphone and OP as the ""underdog"" (1000+ ‚Ç¨ underdog? Dunno...) ?



Or may even be the different processor? Maybe they optimized their camera algos for the Mediatek (which would make me think that the Ultra will use Mediatek).



Side note: I got the chance to have both of them in my hands and a part from camera quality I even noticed a bit of lag in OP13 compared to Oppo in loading the images in the gallery, so still somehow image related thinngs (both with latest fw).",https://www.reddit.com/r/Oppo/comments/1i3h80t/why_op13_has_not_the_same_camera_quality_of_oppo/,1737123200.0,Oppo
1gsm34a,Oppo Find x8 pro vs Oppo Find x8,7,19,"Hi there Redditors!

I'm looking for a new phone and the new Oppo series caught my eye. I'm just wondering which one I should buy because of two factors, price and form factor.

I like more ""compact"" phones so i'm leaning towards the non pro version for price and form factor ‚Ç¨647 vs the pro version ‚Ç¨797.

What's are the main differences between the two, and is there any justification to pay more for the pro version?

Thanks in advance!üôè",https://www.reddit.com/r/Oppo/comments/1gsm34a/oppo_find_x8_pro_vs_oppo_find_x8/,1731759460.0,Oppo
1gw9k25,OPPO Find X8 Pro Vs Find X8 Comparison & Review Which Should You Buy?,14,17,,https://www.youtube.com/watch?v=v6Zaq55lU_4,1732169132.0,Android
1hc23n8,Why are people buying the oppo x8 pro ,0,67,I am wondering why people want to buy the oppo x8 pro and say it's the best all-rounded phone while their sub-brand OnePlus with the OnePlus 13 is making a better phone for less. It's overpriced and doesn't have basic flagship things like ultrasonic fingerprint sensor. OnePlus 13 is better in everything except camera(my intention is not to diss the company and I am not trying to seem like a hater I am just confused). So can anyone tell me their experience with the phone and why did they decide to buy it?,https://www.reddit.com/r/Oppo/comments/1hc23n8/why_are_people_buying_the_oppo_x8_pro/,1733946211.0,Oppo
1hobizg,Oppo x8 Pro vs Vivo x200 Pro (Global),6,22,"Like many people, I am constantly going back and forth trying to decide between these two phones. I have spent days researching all their features so thought I'd compile a short list of pros & cons here. 

Oppo Pros:  
Sleeker design & camera bump  
Color OS has more features than Funtouch, I especially like the AI screenshot summary which lets you call or text a number from a block of text. 

Vivo Pros:  
Incredible macro mode   
Better video capabilities   
Slightly better overall camera (though this is debatable in some instances)  
Better fingerprint sensor 

At this time, I am leaning towards the Oppo as it seems to be the better all round package but if there is anyone who has tried both I welcome any feedback, especially concerning haptics, speakers, screen performance, weight distribution, etc. Things that can't be judged by a Youtube review basically. 

  
Thanks.",https://www.reddit.com/r/Oppo/comments/1hobizg/oppo_x8_pro_vs_vivo_x200_pro_global/,1735409672.0,Oppo
1h6alxx,From s24 ultra to Oppo x8 pro,7,45,"Hi,

What do people think about moving from the s24u to the oppo x8 pro. My main reason currently is the camera else I'm fully satisfied with the s24u. Ideally I'll look for a trade in offer. 

If I decide oj the oppo x8 pro then I'll likely look at purchasing it in January in India.

I have thought about waiting on the x8 ultra, x200 ultra & xiaomi 15 ultra too but I'm unsure if any of these are releasing globally. ",https://www.reddit.com/r/Oppo/comments/1h6alxx/from_s24_ultra_to_oppo_x8_pro/,1733297278.0,Oppo
1i2katq,Vivo X200 Pro Vs Oppo X8 Pro,9,17,"I've been fortunate enough to be able to test both these devices after not being able to make my mind up which one to have after having the Oppo for three weeks and the Vivo for a week my conclusion is the Vivo is the one I'll be keeping but in many ways the Oppo is a better phone. 
Vivo camera is just awesome, I don't mind the software and the phone physically is easier to hold than the Oppo for me.
Oppo hardware is better things like the alert slider should be on every android phone it's really handy, the Ai on the Oppo is better and I've found zoom pictures over about 10 times zoom are better on the Oppo. There's an option to get Ai to summerise web pages for you and it's excellent, sadly missing from the Vivo at the moment. 
So conclusion is I'm keeping the Vivo because in most situations the camera is better, the Oppo is arguably better in most other aspects though. 
Not a lot between them if camera is your priority I would say get the Vivo for most other things the Oppo software is better. 
Both have awesome battery life, the camera module on the Vivo is bigger and does make it feel a bit top heavy, however I've found it easier to hold as my finger fits nicely under the module on the Vivo. 
Some of the zoom photos I've taken on the Vivo are a bit too over processed and false looking. But in most other situations the Vivo's camera is just awesome. 
Any questions just ask and I'll try to help with you making a decision. Both are excellent phones. ",https://www.reddit.com/r/Vivo/comments/1i2katq/vivo_x200_pro_vs_oppo_x8_pro/,1737015414.0,Vivo
1hg0vsa,Just bought the Oppo X8 Pro (UK) question about charger,3,17,"I understand it doesn‚Äôt come with a charger. Just the cable. However will I need a supervooc charger? Or will any charger do? 

Thanks. ",https://www.reddit.com/r/Oppo/comments/1hg0vsa/just_bought_the_oppo_x8_pro_uk_question_about/,1734403742.0,Oppo
1i3tzh1,moving to oppo x8 pro !,2,11,"There are no updates yet for the vivo x200 pro global version. im thinking of moving to Oppo x8 Pro or Honor magic 7 Pro. 

Any suggestions?

I care about cameras, social media cams using selfies and battery age  .
",https://www.reddit.com/r/Oppo/comments/1i3tzh1/moving_to_oppo_x8_pro/,1737156768.0,Oppo
1ihf12g,S25 Ultra vs Oppo Find X8 Pro,6,5,Wondering about how much more superior the display is on the S25 Ultra compared to the oppo.,https://www.reddit.com/r/Oppo/comments/1ihf12g/s25_ultra_vs_oppo_find_x8_pro/,1738666258.0,Oppo
1ig95bx,Oppo find x8 pro or Vivo 200x pro or Honor Magic 7 pro?,5,2,"Hi all! 

I plan on buying a new phone in China and I'm hesitating between the three. I'd be taking the 1TB version. 

Here's are some informations I've found so far that seems important to me from my pov but correct me if I'm wrong :

Vivo 200x pro :


Pros:
- one of the best lately for taking pictures and videos and level of details with zoom. 
- good performance with diversity 9400?

Cons :
- Os seems to be not so intuitive and good? I mean I'll be using OriginOS but idk much about those stuff. 
- AI might be inferior to oppo and honor last flagships? 
- only 4 years updates

Overall I guess it has the best picture/video quality out of the three but also compared to also flagships competitors. 

Honor Magic 7pro :


Pros :
- very good performance with snapdragon elite
- very quick and fast in general when using phone also the facial ID and fingerprint super fast
- 5 years updates? 
- heard that the MagicOs is good and intuitive? 
- better AI than the other two? 
- better screen than the other two? 

Cons :
- pictures and videos aren't so good compared to the other two
- no partnership like zeiss or hasselbad? 

Overall I guess the honor magic 7 pro focus on high performance instead and Ai rather. 


Oppo find X8 pro :


Pros :
- good performance with the diversity 9400
- good Os and highly customizable seems like it? 
- photos are good too with hasselbad.
- 5 years updates

Cons :
- photo colors cold? 
- maybe lackluster in terms of pictures compared to vivo 200x pro? 

Overall the Oppo is a balance between performance and pictures, it's like a mix of the honor 200x pro for pics and the honor magic 7 pro for the performance. 

What do you guys think is the best phone to get? Overall? I do play a lot but I also love/do take a lot of pictures/videos as well. 

Thanks for your help! ",https://www.reddit.com/r/PickAnAndroidForMe/comments/1ig95bx/oppo_find_x8_pro_or_vivo_200x_pro_or_honor_magic/,1738534053.0,PickAnAndroidForMe
1ig435n,Oppo X8 Pro VS Vivo X200 Pro!,3,3,"Hey folks, what do you think about these two devices. Which is best in overall experience?",https://www.reddit.com/r/Oppo/comments/1ig435n/oppo_x8_pro_vs_vivo_x200_pro/,1738521429.0,Oppo
1ifqh1y,"Samsung Galaxy S24 Ultra, Oppo Find X8 Pro, or OnePlus 13?",1,1,"

Hey everyone! I‚Äôm looking to buy a new phone and I'm torn between the Samsung Galaxy S24 Ultra, Oppo Find X8 Pro, and the OnePlus 13 (even though it‚Äôs not out in my country yet). They‚Äôre all in the same price range.

I'm mainly after a smooth OS with seamless AI features (especially for texting and translation). Good hardware and camera is a plus. 

Any thoughts on which one I should go for? Thanks!",https://www.reddit.com/r/AndroidQuestions/comments/1ifqh1y/samsung_galaxy_s24_ultra_oppo_find_x8_pro_or/,1738475119.0,AndroidQuestions
